neighborhood,borough,postal_codes,assemblyDistrict,communityDistrict,congressionalDistrict,councilDistrict,precinct,stateSenateDistrict,longitude,latitude,loc,entityTitle,@context,@type,@id
"Mill Basin","Brooklyn","11234","59","318,356","8","46","63","22,19","-73.911342784143315","40.610055917323074","[ -73.91134278414332, 40.61005591732307 ]","Mill_Basin","http://schema.org","Neighborhood","http://nyc.pediacities.com/Resource/Neighborhood/Mill_Basin"
"South Slope","Brooklyn","11215","44,51,52","306,307,355","9,7","39,38","72,78","20,21","-73.984969332219066","40.664148199917086","[ -73.98496933221907, 40.66414819991709 ]","South_Slope","http://schema.org","Neighborhood","http://nyc.pediacities.com/Resource/Neighborhood/South_Slope"
"Gerritsen Beach","Brooklyn","11229,11234,11235","41,59","318,315,356","9,8","46","61,63","22,19","-73.921535656097134","40.595287039059613","[ -73.92153565609713, 40.59528703905961 ]","Gerritsen_Beach","http://schema.org","Neighborhood","http://nyc.pediacities.com/Resource/Neighborhood/Gerritsen_Beach"
"Brighton Beach","Brooklyn","11214,11223,11224,11235","45,46","313,315","11,8","47,48","60,61","22,23","-73.968079584904558","40.57834278966623","[ -73.96807958490456, 40.57834278966623 ]","Brighton_Beach","http://schema.org","Neighborhood","http://nyc.pediacities.com/Resource/Neighborhood/Brighton_Beach"
"Kensington","Brooklyn","11218,11230,11232","48,44,42,51","312,307,314","10,9,7","44,39,40,38","66,70,72","17,21","-73.975656843845258","40.639504813520354","[ -73.97565684384526, 40.63950481352035 ]","Kensington","http://schema.org","Neighborhood","http://nyc.pediacities.com/Resource/Neighborhood/Kensington"
"Sea Gate","Brooklyn","11224","46","313","8","47","60","23","-74.007338118612054","40.576770567403095","[ -74.00733811861205, 40.57677056740309 ]","Sea_Gate","http://schema.org","Neighborhood","http://nyc.pediacities.com/Resource/Neighborhood/Sea_Gate"
"Plum Beach","Brooklyn","11235","59","318,315,356","8","46","61","22","-73.917526725762812","40.583231096382704","[ -73.91752672576281, 40.5832310963827 ]","Plum_Beach","http://schema.org","Neighborhood","http://nyc.pediacities.com/Resource/Neighborhood/Plum_Beach"
"Midwood","Brooklyn","11204,11210,11223,11229,11230,11234","48,41,44,42,45","311,312,318,315,314","10,11,9","44,45,40,46,48","61,62,63,66,70","17,22,21,19","-73.961055764833048","40.620411615713671","[ -73.96105576483305, 40.62041161571367 ]","Midwood","http://schema.org","Neighborhood","http://nyc.pediacities.com/Resource/Neighborhood/Midwood"
"Gowanus","Brooklyn","11201,11215,11217,11231","51,52","306,307,302","10,9,7","39,38,33","72,76,78,84","20,21,25,26","-73.990945044739775","40.675861639246001","[ -73.99094504473977, 40.675861639246 ]","Gowanus","http://schema.org","Neighborhood","http://nyc.pediacities.com/Resource/Neighborhood/Gowanus"
"Fulton Ferry","Brooklyn","11201","65,52","302","10,7","33","84","26","-73.993765830945264","40.702411379286268","[ -73.99376583094526, 40.70241137928627 ]","Fulton_Ferry","http://schema.org","Neighborhood","http://nyc.pediacities.com/Resource/Neighborhood/Fulton_Ferry"
"Sheepshead Bay","Brooklyn","11210,11223,11229,11230,11234,11235","41,59,45,46","313,312,318,315,356,314","10,11,9,8","44,45,47,46,48","60,61,63,66,70","17,22,23,19","-73.949557729090074","40.596150457288303","[ -73.94955772909007, 40.5961504572883 ]","Sheepshead_Bay","http://schema.org","Neighborhood","http://nyc.pediacities.com/Resource/Neighborhood/Sheepshead_Bay"
"Bergen Beach","Brooklyn","11234,11236","59","318,356","8","46","63,69","21,19","-73.903981637878005","40.618793719171059","[ -73.903981637878, 40.61879371917106 ]","Bergen_Beach","http://schema.org","Neighborhood","http://nyc.pediacities.com/Resource/Neighborhood/Bergen_Beach"
"Marine Park","Brooklyn","11210,11229,11234","41,59,42","318,315","9,8","45,46","61,63","17,22,19","-73.934598189099134","40.611828208332774","[ -73.93459818909913, 40.61182820833277 ]","Marine_Park","http://schema.org","Neighborhood","http://nyc.pediacities.com/Resource/Neighborhood/Marine_Park"
"Bay Ridge","Brooklyn","11209,11220,11228","49,64,51,46","307,310","10,11,7","43,38","68,72","22,23","-74.028250776551332","40.631120107963589","[ -74.02825077655133, 40.63112010796359 ]","Bay_Ridge","http://schema.org","Neighborhood","http://nyc.pediacities.com/Resource/Neighborhood/Bay_Ridge"
"DUMBO","Brooklyn","11201","52","302","7","35,33","84","26","-73.988575015004429","40.703215323727832","[ -73.98857501500443, 40.70321532372783 ]","DUMBO","http://schema.org","Neighborhood","http://nyc.pediacities.com/Resource/Neighborhood/DUMBO"
"Clinton Hill","Brooklyn","11205,11238,11251","50,57","303,308,302","7,8","36,35,33","77,79,88","25,26","-73.964484560260416","40.689283943929084","[ -73.96448456026042, 40.68928394392908 ]","Clinton_Hill","http://schema.org","Neighborhood","http://nyc.pediacities.com/Resource/Neighborhood/Clinton_Hill"
"Navy Yard","Brooklyn","11201,11205,11211,11251","50,57,52","301,302","7,8","35,33","84,88,90","25,26","-73.97229659393382","40.701979431518282","[ -73.97229659393382, 40.70197943151828 ]","Navy_Yard","http://schema.org","Neighborhood","http://nyc.pediacities.com/Resource/Neighborhood/Navy_Yard"
"Bushwick","Brooklyn","11206,11207,11221,11233,11237,11385","38,55,37,53,54,56","303,405,305,316,301,304","7,8","37,41,30,34,36","73,75,81,83,90,104","12,25,18","-73.916837229838279","40.694533498159068","[ -73.91683722983828, 40.69453349815907 ]","Bushwick","http://schema.org","Neighborhood","http://nyc.pediacities.com/Resource/Neighborhood/Bushwick"
"Bath Beach","Brooklyn","11209,11214,11228","47,46","311,310","11","43,50,47","62,68","22,23","-74.00668256036198","40.603589915353176","[ -74.00668256036198, 40.60358991535318 ]","Bath_Beach","http://schema.org","Neighborhood","http://nyc.pediacities.com/Resource/Neighborhood/Bath_Beach"
"Bensonhurst","Brooklyn","11204,11214,11219,11223,11228,11230","49,47,48,45,46","311,312,315,310","10,11","44,43,50,38,47","61,62,66,68","17,22,23","-73.994761113372903","40.612899494903758","[ -73.9947611133729, 40.61289949490376 ]","Bensonhurst","http://schema.org","Neighborhood","http://nyc.pediacities.com/Resource/Neighborhood/Bensonhurst"
"Vinegar Hill","Brooklyn","11201,11251","50,57,52","302","7,8","35,33","84,88","25,26","-73.983261078484603","40.701877068878971","[ -73.9832610784846, 40.70187706887897 ]","Vinegar_Hill","http://schema.org","Neighborhood","http://nyc.pediacities.com/Resource/Neighborhood/Vinegar_Hill"
"Crown Heights","Brooklyn","11203,11212,11213,11216,11225,11233,11238","58,55,43,56,57","308,316,317,309,355","9","41,40,36,35","67,71,73,77,78","20,21,25","-73.941844810109373","40.668457030440742","[ -73.94184481010937, 40.66845703044074 ]","Crown_Heights","http://schema.org","Neighborhood","http://nyc.pediacities.com/Resource/Neighborhood/Crown_Heights"
"East Flatbush","Brooklyn","11203,11210,11212,11213,11226,11234,11236","41,59,58,55,42,43","317,318,314,309","9,8","45,41,40,46,35,42","63,67,69,70,71","20,21,19","-73.933120277219643","40.648264211069112","[ -73.93312027721964, 40.64826421106911 ]","East_Flatbush","http://schema.org","Neighborhood","http://nyc.pediacities.com/Resource/Neighborhood/East_Flatbush"
"Borough Park","Brooklyn","11204,11218,11219,11220,11223,11230,11232","49,47,48,44,51,45","311,312,315,307,310,314","10,11,9,7","44,39,43,38","61,62,66,68,70,72","17,22,23,20,21","-73.990368042540666","40.630459400238351","[ -73.99036804254067, 40.63045940023835 ]","Borough_Park","http://schema.org","Neighborhood","http://nyc.pediacities.com/Resource/Neighborhood/Borough_Park"
"Sunset Park","Brooklyn","11209,11215,11219,11220,11232","49,44,64,51,52","312,307,310","10,11,9,7","39,43,38","66,68,72","17,22,23,20,21,25","-74.010426148561805","40.650523976994521","[ -74.01042614856181, 40.65052397699452 ]","Sunset_Park","http://schema.org","Neighborhood","http://nyc.pediacities.com/Resource/Neighborhood/Sunset_Park"
"Canarsie","Brooklyn","11207,11212,11234,11236,11239","59,58,60","305,316,317,318,356","9,8","45,46,42","63,67,69,73,75","21,19","-73.898814845271346","40.638245649965114","[ -73.89881484527135, 40.63824564996511 ]","Canarsie","http://schema.org","Neighborhood","http://nyc.pediacities.com/Resource/Neighborhood/Canarsie"
"Dyker Heights","Brooklyn","11209,11219,11220,11228","49,47,46","311,310","10,11,7","43,50,38","62,68","17,22,23","-74.013542294968175","40.61963469179382","[ -74.01354229496818, 40.61963469179382 ]","Dyker_Heights","http://schema.org","Neighborhood","http://nyc.pediacities.com/Resource/Neighborhood/Dyker_Heights"
"Boerum Hill","Brooklyn","11201,11217","57,52","306,302","9,7,8","39,35,33","76,78,84,88","25,26","-73.985107402956274","40.686452862655607","[ -73.98510740295627, 40.68645286265561 ]","Boerum_Hill","http://schema.org","Neighborhood","http://nyc.pediacities.com/Resource/Neighborhood/Boerum_Hill"
"Brooklyn Heights","Brooklyn","11201","65,52","306,302","7","39,33","76,84","25,26","-73.995241493588821","40.695344125539606","[ -73.99524149358882, 40.69534412553961 ]","Brooklyn_Heights","http://schema.org","Neighborhood","http://nyc.pediacities.com/Resource/Neighborhood/Brooklyn_Heights"
"East New York","Brooklyn","11207,11208,11212,11233,11236,11239,11414","55,54,23,60","305,316,318,356,410","7,8","37,42,32","69,73,75,106","20,15,18,19","-73.878370891822172","40.660609898178144","[ -73.87837089182217, 40.66060989817814 ]","East_New_York","http://schema.org","Neighborhood","http://nyc.pediacities.com/Resource/Neighborhood/East_New_York"
"Gravesend","Brooklyn","11204,11214,11223,11224,11230,11235","47,48,45,46","311,313,312,315","10,11,8","44,47,48","60,61,62,66","17,22,23","-73.981747250666814","40.594529100915544","[ -73.98174725066681, 40.59452910091554 ]","Gravesend","http://schema.org","Neighborhood","http://nyc.pediacities.com/Resource/Neighborhood/Gravesend"
"Windsor Terrace","Brooklyn","11215,11218,11226,11232","44,42,51","312,307,314,355","10,9,7","39,40,38","66,70,72,78","21","-73.977423138393135","40.653663816227414","[ -73.97742313839314, 40.65366381622741 ]","Windsor_Terrace","http://schema.org","Neighborhood","http://nyc.pediacities.com/Resource/Neighborhood/Windsor_Terrace"
"Park Slope","Brooklyn","11215,11217,11238","44,57,52","308,306,355,302","9,7,8","39,38,35,33","78,84","20,21,25","-73.978660704741841","40.673580213812215","[ -73.97866070474184, 40.67358021381222 ]","Park_Slope","http://schema.org","Neighborhood","http://nyc.pediacities.com/Resource/Neighborhood/Park_Slope"
"Fort Hamilton","Brooklyn","11209,11228","64,46","311,310","11","43,50,47","62,68","22,23","-74.031466741244259","40.615047149670531","[ -74.03146674124426, 40.61504714967053 ]","Fort_Hamilton","http://schema.org","Neighborhood","http://nyc.pediacities.com/Resource/Neighborhood/Fort_Hamilton"
"Greenpoint","Brooklyn","11211,11222","37,53,50,74","402,301","12","34,33,26","90,94,108","12,27,26,18","-73.945976086167292","40.727770626163732","[ -73.94597608616729, 40.72777062616373 ]","Greenpoint","http://schema.org","Neighborhood","http://nyc.pediacities.com/Resource/Neighborhood/Greenpoint"
"Flatbush","Brooklyn","11210,11215,11218,11226,11230","44,42,43","317,312,307,314,309,355","10,9","44,45,39,40,48","66,67,70,71,72,78","17,20,21","-73.959951393817349","40.642078260048805","[ -73.95995139381735, 40.64207826004881 ]","Flatbush","http://schema.org","Neighborhood","http://nyc.pediacities.com/Resource/Neighborhood/Flatbush"
"Flatlands","Brooklyn","11203,11210,11234,11236","41,59,58,42","317,318,314","9,8","45,46,48","63,67,69,70","17,22,21,19","-73.92960999961295","40.626562870716945","[ -73.92960999961295, 40.62656287071695 ]","Flatlands","http://schema.org","Neighborhood","http://nyc.pediacities.com/Resource/Neighborhood/Flatlands"
"Fort Greene","Brooklyn","11201,11205,11217,11238","50,57,52","308,302","9,7,8","35,33","77,78,84,88","25,26","-73.975002390524821","40.690620099629683","[ -73.97500239052482, 40.69062009962968 ]","Fort_Greene","http://schema.org","Neighborhood","http://nyc.pediacities.com/Resource/Neighborhood/Fort_Greene"
"Prospect Heights","Brooklyn","11217,11238","57,52","308,306,355,302","9,8","35,33","77,78,88","20,21,25","-73.967051786353935","40.678092453037543","[ -73.96705178635393, 40.67809245303754 ]","Prospect_Heights","http://schema.org","Neighborhood","http://nyc.pediacities.com/Resource/Neighborhood/Prospect_Heights"
"Prospect Park","Brooklyn","11215,11217,11218,11225,11226,11238","44,42,43,57,52","308,306,307,314,309,355","9","39,40,35,33","70,71,72,77,78","20,21","-73.968863302271728","40.662603249149072","[ -73.96886330227173, 40.66260324914907 ]","Prospect_Park","http://schema.org","Neighborhood","http://nyc.pediacities.com/Resource/Neighborhood/Prospect_Park"
"Bedford-Stuyvesant","Brooklyn","11205,11206,11207,11211,11213,11216,11221,11233,11238","55,53,43,54,50,56,57","303,308,305,316,301,304,302","9,7,8","37,41,34,36,35,33","73,75,77,79,81,83,88,90","20,25,26,18,19","-73.937063604739137","40.684345335928924","[ -73.93706360473914, 40.68434533592892 ]","Bedford_Stuyvesant","http://schema.org","Neighborhood","http://nyc.pediacities.com/Resource/Neighborhood/Bedford_Stuyvesant"
"BoCoCa","Brooklyn","11201,11217,11231","52","306,302","7","39,33","76,84","25,26","-73.994618625160825","40.681974802308133","[ -73.99461862516083, 40.68197480230813 ]","BoCoCa","http://schema.org","Neighborhood","http://nyc.pediacities.com/Resource/Neighborhood/BoCoCa"
"Cobble Hill","Brooklyn","11201,11231","52","306,302","7","39,33","76,84","25,26","-73.99596161925561","40.687414544938761","[ -73.99596161925561, 40.68741454493876 ]","Cobble_Hill","http://schema.org","Neighborhood","http://nyc.pediacities.com/Resource/Neighborhood/Cobble_Hill"
"Manhattan Beach","Brooklyn","11235","41,45","315","8","46,48","61","22,23","-73.942557586991896","40.578993323035952","[ -73.9425575869919, 40.57899332303595 ]","Manhattan_Beach","http://schema.org","Neighborhood","http://nyc.pediacities.com/Resource/Neighborhood/Manhattan_Beach"
"South Brooklyn","Brooklyn",,"51,52","307","10,7","38","72","20,25","-73.994438168914755","40.666441908818591","[ -73.99443816891475, 40.66644190881859 ]","South_Brooklyn","http://schema.org","Neighborhood","http://nyc.pediacities.com/Resource/Neighborhood/South_Brooklyn"
"Cypress Hills","Brooklyn","11207,11208,11233,11385,11414,11416,11417,11421","38,55,54,23,60","405,305,316,304,409,410","7,8,6","37,30,32","73,75,83,102,104,106","12,15,18,19","-73.879992566546733","40.683280417219606","[ -73.87999256654673, 40.68328041721961 ]","Cypress_Hills","http://schema.org","Neighborhood","http://nyc.pediacities.com/Resource/Neighborhood/Cypress_Hills"
"Green-Wood Cemetery","Brooklyn","11215,11218,11232","44,51","312,307","10,9,7","39,38","66,72","20,21","-73.990236925265577","40.652116031656149","[ -73.99023692526558, 40.65211603165615 ]","Green_Wood_Cemetery","http://schema.org","Neighborhood","http://nyc.pediacities.com/Resource/Neighborhood/Green_Wood_Cemetery"
"Floyd Bennett Field","Brooklyn","11234,11235","59","318,356","8","46","61,63","22,19","-73.89464800474677","40.591015101426798","[ -73.89464800474677, 40.5910151014268 ]","Floyd_Bennett_Field","http://schema.org","Neighborhood","http://nyc.pediacities.com/Resource/Neighborhood/Floyd_Bennett_Field"
"Downtown Brooklyn","Brooklyn","11201,11217","50,57,52","302","7,8","35,33","84,88","25,26","-73.986549746153457","40.694763649805452","[ -73.98654974615346, 40.69476364980545 ]","Downtown_Brooklyn","http://schema.org","Neighborhood","http://nyc.pediacities.com/Resource/Neighborhood/Downtown_Brooklyn"
"Columbia St","Brooklyn","11201,11231","65,51,52","306,302","10,7","39,38,33","76,84","25,26","-74.004280204782532","40.684421549885577","[ -74.00428020478253, 40.68442154988558 ]","Columbia_St","http://schema.org","Neighborhood","http://nyc.pediacities.com/Resource/Neighborhood/Columbia_St"
"Coney Island","Brooklyn","11214,11224","46","313","11,8","47","60","23","-73.992374074361422","40.575695741607738","[ -73.99237407436142, 40.57569574160774 ]","Coney_Island","http://schema.org","Neighborhood","http://nyc.pediacities.com/Resource/Neighborhood/Coney_Island"
"Brownsville","Brooklyn","11207,11212,11233,11236","58,55,60","305,316,317,318","9,8","37,41,42","67,69,73,75","20,21,25,18,19","-73.909748961660767","40.664045829496963","[ -73.90974896166077, 40.66404582949696 ]","Brownsville","http://schema.org","Neighborhood","http://nyc.pediacities.com/Resource/Neighborhood/Brownsville"
"Red Hook","Brooklyn","11231","51,52","306,307","10,7","39,38","72,76","25,26","-74.009307335976317","40.674775054449","[ -74.00930733597632, 40.674775054449 ]","Red_Hook","http://schema.org","Neighborhood","http://nyc.pediacities.com/Resource/Neighborhood/Red_Hook"
"Prospect-Lefferts Gardens","Brooklyn","11203,11213,11215,11225,11226","42,43,57","317,314,309,355","9","41,40,35","67,70,71,78","20,21","-73.950953951112666","40.659580405831008","[ -73.95095395111267, 40.65958040583101 ]","Prospect_Lefferts_Gardens","http://schema.org","Neighborhood","http://nyc.pediacities.com/Resource/Neighborhood/Prospect_Lefferts_Gardens"
"Williamsburg","Brooklyn","11205,11206,11211,11222,11237,11251,11385","37,53,50,56,74","303,405,301,304,302","12,7","34,36,35,33,26","79,81,83,88,90,94,104","12,27,26,18","-73.947445634053409","40.710806302328756","[ -73.94744563405341, 40.71080630232876 ]","Williamsburg","http://schema.org","Neighborhood","http://nyc.pediacities.com/Resource/Neighborhood/Williamsburg"
"Longwood","Bronx","10451,10454,10455,10456,10459,10474","79,85,84","203,201,209,202","15","18,16,17","40,41,42,43","32,34,29","-73.900392542598112","40.820810644386405","[ -73.90039254259811, 40.82081064438641 ]","Longwood","http://schema.org","Neighborhood","http://nyc.pediacities.com/Resource/Neighborhood/Longwood"
"Olinville","Bronx","10466,10467","83,80,81","212,211,227","14,16","13,12,11","47,49,52","36,34","-73.867799214096109","40.876741070225883","[ -73.86779921409611, 40.87674107022588 ]","Olinville","http://schema.org","Neighborhood","http://nyc.pediacities.com/Resource/Neighborhood/Olinville"
"Schuylerville","Bronx","10461,10465","82","211,210","14","13","45,49","34","-73.832291471666196","40.837258830128654","[ -73.8322914716662, 40.83725883012865 ]","Schuylerville","http://schema.org","Neighborhood","http://nyc.pediacities.com/Resource/Neighborhood/Schuylerville"
"Co-op City","Bronx","10475","82","212,210,228","14,16","13,12","45,47","36,34","-73.826825464366053","40.872810107571311","[ -73.82682546436605, 40.87281010757131 ]","Co_op_City","http://schema.org","Neighborhood","http://nyc.pediacities.com/Resource/Neighborhood/Co_op_City"
"Riverdale","Bronx","10463,10471","81","208","16","11","50","34","-73.912844400205898","40.893163558528023","[ -73.9128444002059, 40.89316355852802 ]","Riverdale","http://schema.org","Neighborhood","http://nyc.pediacities.com/Resource/Neighborhood/Riverdale"
"Country Club","Bronx","10461,10465","82","210,228","14","13","45","34","-73.82052119831684","40.841530926958143","[ -73.82052119831684, 40.84153092695814 ]","Country_Club","http://schema.org","Neighborhood","http://nyc.pediacities.com/Resource/Neighborhood/Country_Club"
"Westchester Square","Bronx","10461,10462,10469","82,87,80","211,209,210","14","18,13","43,45,49","32,34","-73.843568086348313","40.846797670180486","[ -73.84356808634831, 40.84679767018049 ]","Westchester_Square","http://schema.org","Neighborhood","http://nyc.pediacities.com/Resource/Neighborhood/Westchester_Square"
"Mount Eden","Bronx","10452,10453,10456,10457","77,84,86","204","15","16,14","44","33,29","-73.917430395961077","40.841461799022831","[ -73.91743039596108, 40.84146179902283 ]","Mount_Eden","http://schema.org","Neighborhood","http://nyc.pediacities.com/Resource/Neighborhood/Mount_Eden"
"Kingsbridge","Bronx","10453,10463,10467,10468,10471","78,86,80,72,81","226,207,208","15,13,16","15,14,10,11","50,52","36,34,31,33","-73.900540880958218","40.875958385539541","[ -73.90054088095822, 40.87595838553954 ]","Kingsbridge","http://schema.org","Neighborhood","http://nyc.pediacities.com/Resource/Neighborhood/Kingsbridge"
"Morrisania","Bronx","10451,10456,10459","79","203,202","15","16,17,15","41,42","32,33","-73.904174485511234","40.829594016339293","[ -73.90417448551123, 40.82959401633929 ]","Morrisania","http://schema.org","Neighborhood","http://nyc.pediacities.com/Resource/Neighborhood/Morrisania"
"University Heights","Bronx","10453,10468","78,77,86","205,207","15,13","16,14","46,52","33,29","-73.910244935232271","40.858401769917926","[ -73.91024493523227, 40.85840176991793 ]","University_Heights","http://schema.org","Neighborhood","http://nyc.pediacities.com/Resource/Neighborhood/University_Heights"
"West Farms","Bronx","10460,10462","79,78,87,85","203,206","15,14","15","42,48","32,33","-73.881747311004105","40.842631278457283","[ -73.8817473110041, 40.84263127845728 ]","West_Farms","http://schema.org","Neighborhood","http://nyc.pediacities.com/Resource/Neighborhood/West_Farms"
"Throgs Neck","Bronx","10461,10465","82","210","14","13","45","34","-73.822009336068021","40.819916904662534","[ -73.82200933606802, 40.81991690466253 ]","Throgs_Neck","http://schema.org","Neighborhood","http://nyc.pediacities.com/Resource/Neighborhood/Throgs_Neck"
"Morris Heights","Bronx","10452,10453","77,86","205,204","15,13","16,14","44,46","33,29","-73.918014627010677","40.849963041673746","[ -73.91801462701068, 40.84996304167375 ]","Morris_Heights","http://schema.org","Neighborhood","http://nyc.pediacities.com/Resource/Neighborhood/Morris_Heights"
"Allerton","Bronx","10467,10469","83,80","212,211","14,16","13,12,11","47,49","36,34","-73.861253886869363","40.865562633981213","[ -73.86125388686936, 40.86556263398121 ]","Allerton","http://schema.org","Neighborhood","http://nyc.pediacities.com/Resource/Neighborhood/Allerton"
"Concourse Village","Bronx","10451,10452,10456","79,77,84","203,201,204","15","16,17","40,42,44","32,33,29","-73.917012032742974","40.828572774619531","[ -73.91701203274297, 40.82857277461953 ]","Concourse_Village","http://schema.org","Neighborhood","http://nyc.pediacities.com/Resource/Neighborhood/Concourse_Village"
"Van Cortlandt Park","Bronx","10463,10466,10467,10470,10471","83,80,81","226,212,207,208","14,13,16","12,11","47,50,52","36,34","-73.881708807438514","40.894478197938888","[ -73.88170880743851, 40.89447819793889 ]","Van_Cortlandt_Park","http://schema.org","Neighborhood","http://nyc.pediacities.com/Resource/Neighborhood/Van_Cortlandt_Park"
"Melrose","Bronx","10451,10455,10456","79,84","203,201,204","15","16,17","40,42,44","32,29","-73.91763185965479","40.820438814807829","[ -73.91763185965479, 40.82043881480783 ]","Melrose","http://schema.org","Neighborhood","http://nyc.pediacities.com/Resource/Neighborhood/Melrose"
"Hillside","Bronx","10461,10465,10469,10475","83,82,80","212,211,210,228","14,16","13,12","45,47,49","36,34","-73.836269411920881","40.861142332106112","[ -73.83626941192088, 40.86114233210611 ]","Hillside","http://schema.org","Neighborhood","http://nyc.pediacities.com/Resource/Neighborhood/Hillside"
"Soundview","Bronx","10472,10473","87,85","209,202","15","18,17","41,43","32,34,33","-73.871470646901059","40.825274337549907","[ -73.87147064690106, 40.82527433754991 ]","Soundview","http://schema.org","Neighborhood","http://nyc.pediacities.com/Resource/Neighborhood/Soundview"
"East Morrisania","Bronx","10456,10457,10459,10460,10472","79,87,85","203,206,209,202","15","18,16,17,15","41,42,43,48","32,33","-73.887319783793657","40.833526586099332","[ -73.88731978379366, 40.83352658609933 ]","East_Morrisania","http://schema.org","Neighborhood","http://nyc.pediacities.com/Resource/Neighborhood/East_Morrisania"
"Norwood","Bronx","10458,10463,10467,10468,10471","78,80,81","226,212,207,206,227,208","14,13,16","15,12,11","47,49,50,52","36,34","-73.879524992272451","40.875409562664061","[ -73.87952499227245, 40.87540956266406 ]","Norwood","http://schema.org","Neighborhood","http://nyc.pediacities.com/Resource/Neighborhood/Norwood"
"Highbridge","Bronx","10451,10452","77,84","204","15","16,17","44","29","-73.927707751232305","40.836940617539177","[ -73.9277077512323, 40.83694061753918 ]","Highbridge","http://schema.org","Neighborhood","http://nyc.pediacities.com/Resource/Neighborhood/Highbridge"
"Parkside","Bronx",,"82","212","14","13","47","34","-73.819708666666671","40.890148333333336","[ -73.81970866666667, 40.89014833333334 ]","Parkside","http://schema.org","Neighborhood","http://nyc.pediacities.com/Resource/Neighborhood/Parkside"
"Edenwald","Bronx","10466,10469,10475","83","212","16","12","47","36","-73.840118286152958","40.886937255462342","[ -73.84011828615296, 40.88693725546234 ]","Edenwald","http://schema.org","Neighborhood","http://nyc.pediacities.com/Resource/Neighborhood/Edenwald"
"Van Nest","Bronx","10460,10461,10462,10469","82,87,80","211,227","14","13,15","49","34,33","-73.856924395454385","40.84874566052234","[ -73.85692439545439, 40.84874566052234 ]","Van_Nest","http://schema.org","Neighborhood","http://nyc.pediacities.com/Resource/Neighborhood/Van_Nest"
"Pelham Bay","Bronx","10461,10465,10475","82","211,210,228","14","13,12","45,49","36,34","-73.826551102047787","40.851247289925922","[ -73.82655110204779, 40.85124728992592 ]","Pelham_Bay","http://schema.org","Neighborhood","http://nyc.pediacities.com/Resource/Neighborhood/Pelham_Bay"
"Spuyten Duyvil","Bronx","10463,10471","72,81","208","13,16","11","50","34,31","-73.91791127755836","40.88141622488493","[ -73.91791127755836, 40.88141622488493 ]","Spuyten_Duyvil","http://schema.org","Neighborhood","http://nyc.pediacities.com/Resource/Neighborhood/Spuyten_Duyvil"
"Williamsbridge","Bronx","10466,10467,10469","83,80","212,211","14,16","13,12,11","47,49","36","-73.857777468147191","40.877334998198123","[ -73.85777746814719, 40.87733499819812 ]","Williamsbridge","http://schema.org","Neighborhood","http://nyc.pediacities.com/Resource/Neighborhood/Williamsbridge"
"Clason Point","Bronx","10473","87,85","209","15","18,17","41,43","32,34","-73.861150593672036","40.813551750769641","[ -73.86115059367204, 40.81355175076964 ]","Clason_Point","http://schema.org","Neighborhood","http://nyc.pediacities.com/Resource/Neighborhood/Clason_Point"
"Concourse","Bronx","10451,10452,10456","77,84","201,204","15","16,17,14","40,44","32,29","-73.925501474235404","40.828135244526599","[ -73.9255014742354, 40.8281352445266 ]","Concourse","http://schema.org","Neighborhood","http://nyc.pediacities.com/Resource/Neighborhood/Concourse"
"Mount Hope","Bronx","10452,10453,10457","77,86","205,206,204","15","16,15,14","44,46,48","33,29","-73.906564895569289","40.848484395334175","[ -73.90656489556929, 40.84848439533418 ]","Mount_Hope","http://schema.org","Neighborhood","http://nyc.pediacities.com/Resource/Neighborhood/Mount_Hope"
"Fieldston","Bronx","10463,10471","81","226,208","16","11","50","34","-73.902796347169087","40.894306980616697","[ -73.90279634716909, 40.8943069806167 ]","Fieldston","http://schema.org","Neighborhood","http://nyc.pediacities.com/Resource/Neighborhood/Fieldston"
"Bronxdale","Bronx","10461,10462,10467,10469","78,87,80","212,211,227","14,16","13,15,12,11","47,49,52","36,34,33","-73.865278120944041","40.858946292668008","[ -73.86527812094404, 40.85894629266801 ]","Bronxdale","http://schema.org","Neighborhood","http://nyc.pediacities.com/Resource/Neighborhood/Bronxdale"
"Fordham","Bronx","10453,10457,10458,10468","78,86,81","205,207,206,227","15,14,13","16,15,14,11","46,48,52","34,33","-73.893543579407307","40.861904257980648","[ -73.89354357940731, 40.86190425798065 ]","Fordham","http://schema.org","Neighborhood","http://nyc.pediacities.com/Resource/Neighborhood/Fordham"
"Pelham Bay Park","Bronx","10464,10475","82","212,210,228","14,16","13,12","45,47","36,34","-73.804736203561774","40.871580958841648","[ -73.80473620356177, 40.87158095884165 ]","Pelham_Bay_Park","http://schema.org","Neighborhood","http://nyc.pediacities.com/Resource/Neighborhood/Pelham_Bay_Park"
"Wakefield","Bronx","10466,10467,10470","83,81","212","16","12,11","47","36,34","-73.851615937012198","40.89549617094363","[ -73.8516159370122, 40.89549617094363 ]","Wakefield","http://schema.org","Neighborhood","http://nyc.pediacities.com/Resource/Neighborhood/Wakefield"
"East Tremont","Bronx","10460,10462","87,85,80","203,206,211,227,209","15,14","18,13,15","42,43,48,49,52","32,34,33","-73.87202656881162","40.841497023190456","[ -73.87202656881162, 40.84149702319046 ]","East_Tremont","http://schema.org","Neighborhood","http://nyc.pediacities.com/Resource/Neighborhood/East_Tremont"
"Castle Hill","Bronx","10473","87,85","209","15","18","43","32,34","-73.848413321612284","40.81877679337741","[ -73.84841332161228, 40.81877679337741 ]","Castle_Hill","http://schema.org","Neighborhood","http://nyc.pediacities.com/Resource/Neighborhood/Castle_Hill"
"Tremont","Bronx","10457,10460","79,78,87,86","203,205,206,204","15","15,14","42,44,46,48","32,33","-73.893034433057167","40.845599025617908","[ -73.89303443305717, 40.84559902561791 ]","Tremont","http://schema.org","Neighborhood","http://nyc.pediacities.com/Resource/Neighborhood/Tremont"
"Mott Haven","Bronx","10451,10454,10455","77,84","201,202,204","15","17,8","40,41,44","32,29","-73.919195194693913","40.811244126564141","[ -73.91919519469391, 40.81124412656414 ]","Mott_Haven","http://schema.org","Neighborhood","http://nyc.pediacities.com/Resource/Neighborhood/Mott_Haven"
"Rikers Island","Bronx","11370","85","401","14","22","114","34","-73.882652560989655","40.791011666105319","[ -73.88265256098965, 40.79101166610532 ]","Rikers_Island","http://schema.org","Neighborhood","http://nyc.pediacities.com/Resource/Neighborhood/Rikers_Island"
"Woodlawn","Bronx","10466,10467,10470","81","226,212","16","11","47","36,34","-73.867206426737994","40.898554906879951","[ -73.86720642673799, 40.89855490687995 ]","Woodlawn","http://schema.org","Neighborhood","http://nyc.pediacities.com/Resource/Neighborhood/Woodlawn"
"Belmont","Bronx","10457,10458,10460","79,78,87,86","207,206","15,14","15,11","48","32,34,33","-73.888221429681209","40.853795646725615","[ -73.88822142968121, 40.85379564672562 ]","Belmont","http://schema.org","Neighborhood","http://nyc.pediacities.com/Resource/Neighborhood/Belmont"
"Bronx Zoo","Bronx","10458,10460,10462,10467","79,78,87,80","206,211,227","15,14","13,15,11","48,49,52","32,36,34,33","-73.87632771549076","40.854980919917537","[ -73.87632771549076, 40.85498091991754 ]","Bronx_Zoo","http://schema.org","Neighborhood","http://nyc.pediacities.com/Resource/Neighborhood/Bronx_Zoo"
"Baychester","Bronx","10469,10475","83,82,80","212,211,210","14,16","13,12","45,47,49","36,34","-73.841064942006014","40.871358088932737","[ -73.84106494200601, 40.87135808893274 ]","Baychester","http://schema.org","Neighborhood","http://nyc.pediacities.com/Resource/Neighborhood/Baychester"
"Claremont Village","Bronx","10452,10453,10456,10457","79,77,84,86","203,205,206,204","15","16,15,14","42,44,46,48","32,33,29","-73.906134582741899","40.839342529973948","[ -73.9061345827419, 40.83934252997395 ]","Claremont_Village","http://schema.org","Neighborhood","http://nyc.pediacities.com/Resource/Neighborhood/Claremont_Village"
"Crotona Park","Bronx","10456,10457,10460","79,86","203,206","15","16,15","42,48","32,33","-73.895266003967279","40.838559334682685","[ -73.89526600396728, 40.83855933468269 ]","Crotona_Park","http://schema.org","Neighborhood","http://nyc.pediacities.com/Resource/Neighborhood/Crotona_Park"
"Hunts Point","Bronx","10455,10459,10474","85,84","202","15","18,17","41","32,34","-73.882311380843049","40.810752855992277","[ -73.88231138084305, 40.81075285599228 ]","Hunts_Point","http://schema.org","Neighborhood","http://nyc.pediacities.com/Resource/Neighborhood/Hunts_Point"
"Parkchester","Bronx","10460,10461,10462,10472","82,87,85,80","206,211,209,210","15,14","18,17,13","43,45,48,49","32,34,33","-73.86543659272931","40.835911566651419","[ -73.86543659272931, 40.83591156665142 ]","Parkchester","http://schema.org","Neighborhood","http://nyc.pediacities.com/Resource/Neighborhood/Parkchester"
"Eastchester","Bronx","10464,10466,10469,10475","83,82","212,210,228","14,16","13,12","45,47","36,34","-73.82634567991208","40.884667775349307","[ -73.82634567991208, 40.88466777534931 ]","Eastchester","http://schema.org","Neighborhood","http://nyc.pediacities.com/Resource/Neighborhood/Eastchester"
"Unionport","Bronx","10461,10462,10465,10472,10473","82,87,85","211,209,210","15,14","18,13","43,45,49","32,34,33","-73.84953485207383","40.829750163525802","[ -73.84953485207383, 40.8297501635258 ]","Unionport","http://schema.org","Neighborhood","http://nyc.pediacities.com/Resource/Neighborhood/Unionport"
"Laconia","Bronx","10461,10469","83,80","212,211","14,16","13,12","47,49","36,34","-73.85366924044132","40.865226399374045","[ -73.85366924044132, 40.86522639937404 ]","Laconia","http://schema.org","Neighborhood","http://nyc.pediacities.com/Resource/Neighborhood/Laconia"
"North Riverdale","Bronx","10471","81","226,208","16","11","50","34","-73.90463899055689","40.90736277729993","[ -73.90463899055689, 40.90736277729993 ]","North_Riverdale","http://schema.org","Neighborhood","http://nyc.pediacities.com/Resource/Neighborhood/North_Riverdale"
"City Island","Bronx","10464","82","210","14","13","45","34","-73.779288391931061","40.850585054409287","[ -73.77928839193106, 40.85058505440929 ]","City_Island","http://schema.org","Neighborhood","http://nyc.pediacities.com/Resource/Neighborhood/City_Island"
"Port Morris","Bronx","10451,10454,10455,10474","85,68,84","201,202","15","17,8","40,41","32,34,29","-73.910811370409945","40.804774614039999","[ -73.91081137040995, 40.80477461404 ]","Port_Morris","http://schema.org","Neighborhood","http://nyc.pediacities.com/Resource/Neighborhood/Port_Morris"
"East Village","Manhattan","10002,10003,10009","66,65,74","102,106,105,103","12,7","1,2,4","5,6,7,9,13","27,26,28","-73.982365087969171","40.726169338942725","[ -73.98236508796917, 40.72616933894273 ]","East_Village","http://schema.org","Neighborhood","http://nyc.pediacities.com/Resource/Neighborhood/East_Village"
"West Village","Manhattan","10011,10012,10014","66,75","102,104","12,10","3","1,6,13","27,26","-74.005873784001082","40.73400872191764","[ -74.00587378400108, 40.73400872191764 ]","West_Village","http://schema.org","Neighborhood","http://nyc.pediacities.com/Resource/Neighborhood/West_Village"
"Meat Packing District","Manhattan","10011,10014","66,75","102,104","12,10","3","6,10,13","27","-74.005590108024364","40.740710052646214","[ -74.00559010802436, 40.74071005264621 ]","Meat_Packing_District","http://schema.org","Neighborhood","http://nyc.pediacities.com/Resource/Neighborhood/Meat_Packing_District"
"Midtown West","Manhattan","10001,10018,10019,10036","67,75","104,105","12,10","3","10,14,18","27,31","-73.99741341371309","40.75784690289948","[ -73.99741341371309, 40.75784690289948 ]","Midtown_West","http://schema.org","Neighborhood","http://nyc.pediacities.com/Resource/Neighborhood/Midtown_West"
"Civic Center","Manhattan","10007,10013,10038,10278","66,65","101,103","10,7","1","1,5","26","-74.002754558210796","40.714010204880054","[ -74.0027545582108, 40.71401020488005 ]","Civic_Center","http://schema.org","Neighborhood","http://nyc.pediacities.com/Resource/Neighborhood/Civic_Center"
"Central Park","Manhattan","00083,10022,10023,10024,10025,10026,10028,10029,10065,10075,10128","69,70,68,67,75,73","107,108,111,164,110","12,10,13","6,8,9,4","18,19,20,22,23,24,28","30,27,28,29","-73.965560537330475","40.782469106715268","[ -73.96556053733048, 40.78246910671527 ]","Central_Park","http://schema.org","Neighborhood","http://nyc.pediacities.com/Resource/Neighborhood/Central_Park"
"Midtown","Manhattan","00083,10016,10017,10018,10019,10020,10022,10023,10036,10055,10065,10096,10103,10104,10105,10106,10107,10110,10111,10112,10151,10152,10153,10154,10155,10166,10167,10169,10170,10171,10172,10173,10174,10175,10176,10177,10196","67,75,73,74,76","106,104,105,107,108,164","12,10","6,8,3,4,5","14,17,18,19,20,22","27,31,28,29","-73.973740643095027","40.757048627815216","[ -73.97374064309503, 40.75704862781522 ]","Midtown","http://schema.org","Neighborhood","http://nyc.pediacities.com/Resource/Neighborhood/Midtown"
"Roosevelt Island","Manhattan","10044","76","108","12","5","114","29","-73.949932064924951","40.762050896821435","[ -73.94993206492495, 40.76205089682144 ]","Roosevelt_Island","http://schema.org","Neighborhood","http://nyc.pediacities.com/Resource/Neighborhood/Roosevelt_Island"
"Upper West Side","Manhattan","00083,10023,10024,10025","69,70,68,67","107,164,109","10,13","6,8,9","20,22,24,26","30,27,31,29","-73.973305538510971","40.791134546888465","[ -73.97330553851097, 40.79113454688846 ]","Upper_West_Side","http://schema.org","Neighborhood","http://nyc.pediacities.com/Resource/Neighborhood/Upper_West_Side"
"Morningside Heights","Manhattan","10024,10025,10026,10027,10115","69,70,71","107,109,110","10,13","6,8,9,7","24,26,28","30,31","-73.962122858592664","40.809432111041311","[ -73.96212285859266, 40.80943211104131 ]","Morningside_Heights","http://schema.org","Neighborhood","http://nyc.pediacities.com/Resource/Neighborhood/Morningside_Heights"
"Two Bridges","Manhattan","10002,10038","65","101,103","7","1","5","26","-73.996940369498532","40.710712834110552","[ -73.99694036949853, 40.71071283411055 ]","Two_Bridges","http://schema.org","Neighborhood","http://nyc.pediacities.com/Resource/Neighborhood/Two_Bridges"
"Liberty Island","Manhattan","10004","65","101","10","1","1","26","-74.045313345889795","40.689913795217244","[ -74.0453133458898, 40.68991379521724 ]","Liberty_Island","http://schema.org","Neighborhood","http://nyc.pediacities.com/Resource/Neighborhood/Liberty_Island"
"Little Italy","Manhattan","10002,10012,10013","66,65","102,101,103","10,7","1","5","26","-73.997559577200235","40.719042059451517","[ -73.99755957720024, 40.71904205945152 ]","Little_Italy","http://schema.org","Neighborhood","http://nyc.pediacities.com/Resource/Neighborhood/Little_Italy"
"Nolita","Manhattan","10002,10012,10013","66,65","102,103","12,10,7","1","5,9","26","-73.995095619404552","40.722356582244316","[ -73.99509561940455, 40.72235658224432 ]","Nolita","http://schema.org","Neighborhood","http://nyc.pediacities.com/Resource/Neighborhood/Nolita"
"Washington Heights","Manhattan","10031,10032,10033,10034,10039,10040","71,72","112,109,110","13","9,7,10","30,32,33,34","30,31","-73.93696056472092","40.84588377169414","[ -73.93696056472092, 40.84588377169414 ]","Washington_Heights","http://schema.org","Neighborhood","http://nyc.pediacities.com/Resource/Neighborhood/Washington_Heights"
"Garment District","Manhattan","10001,10018,10122,10123","75","104,105","12,10","3","14","27,31","-73.990160215808217","40.7528841891695","[ -73.99016021580822, 40.7528841891695 ]","Garment_District","http://schema.org","Neighborhood","http://nyc.pediacities.com/Resource/Neighborhood/Garment_District"
"Harlem","Manhattan","00083,10024,10025,10026,10027,10030,10031,10032,10035,10037,10039","69,70,68,71,72","107,111,164,112,109,110","13","8,9,7,10","22,23,24,25,26,28,30,32,33","30,31,29","-73.947516731891284","40.816799399173178","[ -73.94751673189128, 40.81679939917318 ]","Harlem","http://schema.org","Neighborhood","http://nyc.pediacities.com/Resource/Neighborhood/Harlem"
"Theater District","Manhattan","10018,10019,10020,10036,10097","67,75","104,105","12,10","3","14,18","27,28","-73.984893495242972","40.758861720468111","[ -73.98489349524297, 40.75886172046811 ]","Theater_District","http://schema.org","Neighborhood","http://nyc.pediacities.com/Resource/Neighborhood/Theater_District"
"Murray Hill","Manhattan","10016,10017,10158,10165,10168,10178","75,73,74","106,105","12","2,3,4,5","14,17","27,28,29","-73.975374696211816","40.747884603248764","[ -73.97537469621182, 40.74788460324876 ]","Murray_Hill","http://schema.org","Neighborhood","http://nyc.pediacities.com/Resource/Neighborhood/Murray_Hill"
"Randall's Island","Manhattan","10035,10454","68,84","201,111","12,15","8","25,40","29","-73.924630310785915","40.791108749789409","[ -73.92463031078591, 40.79110874978941 ]","Randall_s_Island","http://schema.org","Neighborhood","http://nyc.pediacities.com/Resource/Neighborhood/Randall_s_Island"
"Chelsea","Manhattan","10001,10010,10011,10014,10018,10119,10120,10121","66,75","102,104,105","12,10","3,50,51","6,10,13,14","27,31,28","-74.000186061647213","40.747749624205717","[ -74.00018606164721, 40.74774962420572 ]","Chelsea","http://schema.org","Neighborhood","http://nyc.pediacities.com/Resource/Neighborhood/Chelsea"
"Greenwich Village","Manhattan","10003,10011,10012,10014","66,75","102,104,105","12,10","1,2,3","1,6,9,13","27,26,28","-73.996591259598802","40.731412460272622","[ -73.9965912595988, 40.73141246027262 ]","Greenwich_Village","http://schema.org","Neighborhood","http://nyc.pediacities.com/Resource/Neighborhood/Greenwich_Village"
"Marble Hill","Manhattan","10463,10468","86,72,81","207,208","13,16","14,10,11","50,52","34,31,33","-73.910405396072704","40.875839133786904","[ -73.9104053960727, 40.8758391337869 ]","Marble_Hill","http://schema.org","Neighborhood","http://nyc.pediacities.com/Resource/Neighborhood/Marble_Hill"
"Lincoln Square","Manhattan","00083,10019,10023,10069","67,75","104,107,164","10","6,8,3","18,20,22","27,31,29","-73.985242232539022","40.774824570964213","[ -73.98524223253902, 40.77482457096421 ]","Lincoln_Square","http://schema.org","Neighborhood","http://nyc.pediacities.com/Resource/Neighborhood/Lincoln_Square"
"SoHo","Manhattan","10012,10013,10014","66,65","102,101","12,10,7","1,3","1,5,6,9","27,26","-74.004057268740183","40.724654259098628","[ -74.00405726874018, 40.72465425909863 ]","SoHo","http://schema.org","Neighborhood","http://nyc.pediacities.com/Resource/Neighborhood/SoHo"
"East Harlem","Manhattan","00083,10026,10027,10029,10035,10037,10039,10128","69,70,68,71,76","108,111,164,110","12,10,13","8,9,4,5","19,22,23,25,28,32","30,28,29","-73.940495622015121","40.79692946593633","[ -73.94049562201512, 40.79692946593633 ]","East_Harlem","http://schema.org","Neighborhood","http://nyc.pediacities.com/Resource/Neighborhood/East_Harlem"
"Upper East Side","Manhattan","00083,10021,10022,10028,10029,10065,10075,10128,10162","69,68,67,75,73,76","106,105,108,111,164","12,10,13","8,4,5","17,18,19,22,23","28,29","-73.956441769774401","40.772751189310014","[ -73.9564417697744, 40.77275118931001 ]","Upper_East_Side","http://schema.org","Neighborhood","http://nyc.pediacities.com/Resource/Neighborhood/Upper_East_Side"
"NoHo","Manhattan","10003,10012","66,65","102,103","12,10","1,2","1,5,6,9","27,26","-73.99335224762045","40.727058688279158","[ -73.99335224762045, 40.72705868827916 ]","NoHo","http://schema.org","Neighborhood","http://nyc.pediacities.com/Resource/Neighborhood/NoHo"
"Gramercy","Manhattan","10003,10009,10010","66,75,74","106,105,103","12","2","9,13","27,28","-73.983671511834373","40.735451457965553","[ -73.98367151183437, 40.73545145796555 ]","Gramercy","http://schema.org","Neighborhood","http://nyc.pediacities.com/Resource/Neighborhood/Gramercy"
"Financial District","Manhattan","10002,10004,10005,10006,10007,10038,10041,10043,10045,10048,10080,10081,10203,10259,10260,10265,10270,10271,10275,10280,10286","66,65","101,103","10,7","1","1,5","26","-74.009223178535919","40.706815539774588","[ -74.00922317853592, 40.70681553977459 ]","Financial_District","http://schema.org","Neighborhood","http://nyc.pediacities.com/Resource/Neighborhood/Financial_District"
"Tribeca","Manhattan","10007,10013,10048,10278,10279","66,65","102,101","10","1,3","1,5","27,26","-74.008887969556056","40.718350406393078","[ -74.00888796955606, 40.71835040639308 ]","Tribeca","http://schema.org","Neighborhood","http://nyc.pediacities.com/Resource/Neighborhood/Tribeca"
"Koreatown","Manhattan","10001,10016,10018,10118","75,73","106,105","12","2,3","13,14,17","27,28","-73.98556041242216","40.747544289409582","[ -73.98556041242216, 40.74754428940958 ]","Koreatown","http://schema.org","Neighborhood","http://nyc.pediacities.com/Resource/Neighborhood/Koreatown"
"Stuyvesant Town","Manhattan","10002,10003,10009,10010","74","106,103","12,7","2,4","9,13","27","-73.976519623797444","40.731837492241439","[ -73.97651962379744, 40.73183749224144 ]","Stuyvesant_Town","http://schema.org","Neighborhood","http://nyc.pediacities.com/Resource/Neighborhood/Stuyvesant_Town"
"Inwood","Manhattan","10033,10034,10040","71,72","112","13","7,10","34","31","-73.923878481433221","40.86745318720174","[ -73.92387848143322, 40.86745318720174 ]","Inwood","http://schema.org","Neighborhood","http://nyc.pediacities.com/Resource/Neighborhood/Inwood"
"Hell's Kitchen","Manhattan","10019,10023,10036","67,75","104,105,107","12,10","6,3","10,14,18,20","27,31","-73.991573527943629","40.765914031397919","[ -73.99157352794363, 40.76591403139792 ]","Hell_s_Kitchen","http://schema.org","Neighborhood","http://nyc.pediacities.com/Resource/Neighborhood/Hell_s_Kitchen"
"Kips Bay","Manhattan","10002,10010,10016","75,73,74","106,105","12","2,4","13,14,17","27,28","-73.977706874519583","40.740965630512292","[ -73.97770687451958, 40.74096563051229 ]","Kips_Bay","http://schema.org","Neighborhood","http://nyc.pediacities.com/Resource/Neighborhood/Kips_Bay"
"Lower East Side","Manhattan","10002,10003,10009,10012,10013","66,65,74","102,103","12,7","1,2","5,7,9","26","-73.984697446581222","40.71606398378686","[ -73.98469744658122, 40.71606398378686 ]","Lower_East_Side","http://schema.org","Neighborhood","http://nyc.pediacities.com/Resource/Neighborhood/Lower_East_Side"
"Flatiron District","Manhattan","10001,10003,10010,10011,10016,10047","66,75,74","102,106,104,105","12","2,3","6,13,14","27,28","-73.989441386343984","40.740329891855595","[ -73.98944138634398, 40.74032989185559 ]","Flatiron_District","http://schema.org","Neighborhood","http://nyc.pediacities.com/Resource/Neighborhood/Flatiron_District"
"Battery Park City","Manhattan","10004,10006,10007,10013,10048,10280,10281,10282,10285","66,65","101","10","1","1","26","-74.016239336562066","40.711287506281238","[ -74.01623933656207, 40.71128750628124 ]","Battery_Park_City","http://schema.org","Neighborhood","http://nyc.pediacities.com/Resource/Neighborhood/Battery_Park_City"
"Governors Island","Manhattan","10004","65","101","10","1","1","26","-74.019040687623331","40.688915192540819","[ -74.01904068762333, 40.68891519254082 ]","Governors_Island","http://schema.org","Neighborhood","http://nyc.pediacities.com/Resource/Neighborhood/Governors_Island"
"Chinatown","Manhattan","10002,10013,10038","66,65","102,101,103","12,10,7","1","1,5,7","26","-73.995584889231466","40.715743094484843","[ -73.99558488923147, 40.71574309448484 ]","Chinatown","http://schema.org","Neighborhood","http://nyc.pediacities.com/Resource/Neighborhood/Chinatown"
"Elmhurst","Queens","11368,11372,11373,11374,11377,11378,11379","28,30,35,34,39","404,403,405,402,406","6,14","21,29,30,25,26","104,108,110,112,115","12,13,16,15","-73.878966663173571","40.737449283667566","[ -73.87896666317357, 40.73744928366757 ]","Elmhurst","http://schema.org","Neighborhood","http://nyc.pediacities.com/Resource/Neighborhood/Elmhurst"
"Astoria","Queens","11101,11102,11103,11105,11106,11370,11371,11377","37,30,36,35,34","401,480","12,14","26,22","108,114,115","12,13","-73.912989855204657","40.771822034226183","[ -73.91298985520466, 40.77182203422618 ]","Astoria","http://schema.org","Neighborhood","http://nyc.pediacities.com/Resource/Neighborhood/Astoria"
"Jamaica Hills","Queens","11366,11432","24,25,29,32","412,408","5,6","24,27","103,107","11,14","-73.800539304458454","40.71544851989583","[ -73.80053930445845, 40.71544851989583 ]","Jamaica_Hills","http://schema.org","Neighborhood","http://nyc.pediacities.com/Resource/Neighborhood/Jamaica_Hills"
"Kew Gardens","Queens","11375,11385,11415,11418,11435","28,27","406,482,408,409","6","24,29,30","102,107","10,15,14","-73.829728270676128","40.708427651825119","[ -73.82972827067613, 40.70842765182512 ]","Kew_Gardens","http://schema.org","Neighborhood","http://nyc.pediacities.com/Resource/Neighborhood/Kew_Gardens"
"Jamaica Estates","Queens","11366,11423,11432","24,25,29","412,408","5,6","24,23,27","103,107","11,14","-73.785875199242369","40.719786446487312","[ -73.78587519924237, 40.71978644648731 ]","Jamaica_Estates","http://schema.org","Neighborhood","http://nyc.pediacities.com/Resource/Neighborhood/Jamaica_Estates"
"Glen Oaks","Queens","11004,11005,11426","24,26","413","3","23","105","11","-73.715762835891738","40.752908567466967","[ -73.71576283589174, 40.75290856746697 ]","Glen_Oaks","http://schema.org","Neighborhood","http://nyc.pediacities.com/Resource/Neighborhood/Glen_Oaks"
"Cambria Heights","Queens","11411,11413,11422,11429","33,29","412,413","5","27,31","105,113","14","-73.73665310615003","40.693308741282273","[ -73.73665310615003, 40.69330874128227 ]","Cambria_Heights","http://schema.org","Neighborhood","http://nyc.pediacities.com/Resource/Neighborhood/Cambria_Heights"
"Arverne","Queens","11691,11692,11693","31,23","414","5","31,32","100,101","10,15","-73.795308006569002","40.59446346175308","[ -73.795308006569, 40.59446346175308 ]","Arverne","http://schema.org","Neighborhood","http://nyc.pediacities.com/Resource/Neighborhood/Arverne"
"Hollis Hills","Queens","11364,11426,11427","24,25","411,408","6","23","107,111","16,11,14","-73.754034156274813","40.733207682501003","[ -73.75403415627481, 40.733207682501 ]","Hollis_Hills","http://schema.org","Neighborhood","http://nyc.pediacities.com/Resource/Neighborhood/Hollis_Hills"
"Rockaway Beach","Queens","11692,11693","31,23","414","5","31,32","100","10,15","-73.810027658446174","40.587842864812046","[ -73.81002765844617, 40.58784286481205 ]","Rockaway_Beach","http://schema.org","Neighborhood","http://nyc.pediacities.com/Resource/Neighborhood/Rockaway_Beach"
"Woodside","Queens","11101,11103,11104,11372,11373,11377","30,36,34,39","404,403,402,401","6,14","29,25,26,22","108,110,114,115","12,13,16,15","-73.902593182461601","40.747943125328838","[ -73.9025931824616, 40.74794312532884 ]","Woodside","http://schema.org","Neighborhood","http://nyc.pediacities.com/Resource/Neighborhood/Woodside"
"Flushing","Queens","11354,11355,11357,11358,11361,11365,11366,11367,11368,11369,11432","24,35,25,26,27,40","403,411,407,408,481","3,5,6,14","21,24,19,20","107,109,110,111,112,115","13,16,15,11,14","-73.816299170590128","40.75214521834318","[ -73.81629917059013, 40.75214521834318 ]","Flushing","http://schema.org","Neighborhood","http://nyc.pediacities.com/Resource/Neighborhood/Flushing"
"Forest Hills","Queens","11367,11368,11374,11375,11385,11415","28,35,27","404,405,406,482,481,409","6,14","21,24,29,30","102,104,110,112","16,15,14","-73.84649855900436","40.720255411943455","[ -73.84649855900436, 40.72025541194346 ]","Forest_Hills","http://schema.org","Neighborhood","http://nyc.pediacities.com/Resource/Neighborhood/Forest_Hills"
"Long Island City","Queens","11101,11103,11104,11106,11109,11222,11377,11378","37,50,30,36,74","402,301,401","12,14","33,26,22","94,108,114","12,13,27,18","-73.938555888334136","40.748500542284887","[ -73.93855588833414, 40.74850054228489 ]","Long_Island_City","http://schema.org","Neighborhood","http://nyc.pediacities.com/Resource/Neighborhood/Long_Island_City"
"East Elmhurst","Queens","11103,11368,11369,11370,11371,11372,11377","36,35,34,27","403,402,481,401,480","14","21,25,26,22","108,110,114,115","13,16","-73.879942020815619","40.76253700196299","[ -73.87994202081562, 40.76253700196299 ]","East_Elmhurst","http://schema.org","Neighborhood","http://nyc.pediacities.com/Resource/Neighborhood/East_Elmhurst"
"Rosedale","Queens","11411,11413,11422,11430","31,29","413,483","5","31","105,113","10,14","-73.739295159116963","40.657590797067051","[ -73.73929515911696, 40.65759079706705 ]","Rosedale","http://schema.org","Neighborhood","http://nyc.pediacities.com/Resource/Neighborhood/Rosedale"
"Ridgewood","Queens","11207,11237,11378,11379,11385","38,28,37,53,54","405,301,304","7,6","37,30,34,26","83,90,104","12,15,18","-73.905859750092091","40.705475000982986","[ -73.90585975009209, 40.70547500098299 ]","Ridgewood","http://schema.org","Neighborhood","http://nyc.pediacities.com/Resource/Neighborhood/Ridgewood"
"St. Albans","Queens","11411,11412,11423,11429,11433,11434","33,29,32","412,413","5","27","103,105,113","10,14","-73.763281500007011","40.696829454951171","[ -73.76328150000701, 40.69682945495117 ]","St_Albans","http://schema.org","Neighborhood","http://nyc.pediacities.com/Resource/Neighborhood/St_Albans"
"Bayswater","Queens","11691","31,23","414","5","31","101","10,15","-73.764018405862927","40.606442132763682","[ -73.76401840586293, 40.60644213276368 ]","Bayswater","http://schema.org","Neighborhood","http://nyc.pediacities.com/Resource/Neighborhood/Bayswater"
"Edgemere","Queens","11691,11692","31,23","414","5","31","100,101","10,15","-73.777770262291853","40.597858283598278","[ -73.77777026229185, 40.59785828359828 ]","Edgemere","http://schema.org","Neighborhood","http://nyc.pediacities.com/Resource/Neighborhood/Edgemere"
"Queens Village","Queens","11411,11412,11423,11426,11427,11428,11429","33,24,29","412,411,408,413","3,5,6","23,27","103,105,107,111,113","11,14","-73.74245152007633","40.716645608789854","[ -73.74245152007633, 40.71664560878985 ]","Queens_Village","http://schema.org","Neighborhood","http://nyc.pediacities.com/Resource/Neighborhood/Queens_Village"
"Richmond Hill","Queens","11375,11385,11415,11416,11417,11418,11419,11420,11421,11435,11436","38,28,31,24,23,32,27","405,412,406,482,408,409,410","5,7,6","24,29,30,28,32","102,103,104,106,107,112,113","12,10,15,14","-73.829230930395312","40.693871906685601","[ -73.82923093039531, 40.6938719066856 ]","Richmond_Hill","http://schema.org","Neighborhood","http://nyc.pediacities.com/Resource/Neighborhood/Richmond_Hill"
"Holliswood","Queens","11423,11427,11432","33,24,29","412,408,413","5,6","24,23","103,105,107","11,14","-73.769127804811816","40.721260775565796","[ -73.76912780481182, 40.7212607755658 ]","Holliswood","http://schema.org","Neighborhood","http://nyc.pediacities.com/Resource/Neighborhood/Holliswood"
"Breezy Point","Queens","11694,11697","23","414,484","5","32","100","15","-73.901965463656268","40.561256839920212","[ -73.90196546365627, 40.56125683992021 ]","Breezy_Point","http://schema.org","Neighborhood","http://nyc.pediacities.com/Resource/Neighborhood/Breezy_Point"
"Glendale","Queens","11207,11208,11374,11379,11385","38,28,37,54","405,305,406,482,304","7,6","37,29,30,34","75,83,102,104,112","12,15,18","-73.882339657380157","40.698316538747477","[ -73.88233965738016, 40.69831653874748 ]","Glendale","http://schema.org","Neighborhood","http://nyc.pediacities.com/Resource/Neighborhood/Glendale"
"Neponsit","Queens","11694","23","414,484","5","32","100","15","-73.861491012462253","40.571615387655243","[ -73.86149101246225, 40.57161538765524 ]","Neponsit","http://schema.org","Neighborhood","http://nyc.pediacities.com/Resource/Neighborhood/Neponsit"
"Middle Village","Queens","11373,11374,11378,11379,11385","38,28,37,30","405,406","6","29,30","104,112","16,15","-73.879196660601437","40.715689369189043","[ -73.87919666060144, 40.71568936918904 ]","Middle_Village","http://schema.org","Neighborhood","http://nyc.pediacities.com/Resource/Neighborhood/Middle_Village"
"Fresh Meadows","Queens","11358,11364,11365,11366,11423,11427,11432","24,25","411,407,408","5,6","24,23,19,20","107,109,111","16,11,14","-73.781219256076255","40.737261564388191","[ -73.78121925607626, 40.73726156438819 ]","Fresh_Meadows","http://schema.org","Neighborhood","http://nyc.pediacities.com/Resource/Neighborhood/Fresh_Meadows"
"Ozone Park","Queens","11208,11414,11416,11417,11418,11419,11420,11421","38,31,54,23,60","305,409,410","5,7,8","37,30,42,28,32","75,102,106","12,10,15,18,19","-73.846366322875681","40.679079548146539","[ -73.84636632287568, 40.67907954814654 ]","Ozone_Park","http://schema.org","Neighborhood","http://nyc.pediacities.com/Resource/Neighborhood/Ozone_Park"
"Whitestone","Queens","11354,11356,11357,11360","26,27,40","407","3,6,14","19,20","109","11","-73.810990267938507","40.786627340024317","[ -73.81099026793851, 40.78662734002432 ]","Whitestone","http://schema.org","Neighborhood","http://nyc.pediacities.com/Resource/Neighborhood/Whitestone"
"Bay Terrace","Queens","11357,11358,11359,11360","26","411,407","3,6","19,50,51","109,111","11","-73.783097686994552","40.784769664502974","[ -73.78309768699455, 40.78476966450297 ]","Bay_Terrace","http://schema.org","Neighborhood","http://nyc.pediacities.com/Resource/Neighborhood/Bay_Terrace"
"Rego Park","Queens","11373,11374,11375,11379,11385","28,30,35,27","404,405,406","6","21,24,29,30,25","104,110,112","16,15","-73.861607413509759","40.726283099496563","[ -73.86160741350976, 40.72628309949656 ]","Rego_Park","http://schema.org","Neighborhood","http://nyc.pediacities.com/Resource/Neighborhood/Rego_Park"
"Little Neck","Queens","11005,11362,11363,11426","24,25,26","411,413","3","23,19","105,111","11","-73.730144524218701","40.765220111324325","[ -73.7301445242187, 40.76522011132433 ]","Little_Neck","http://schema.org","Neighborhood","http://nyc.pediacities.com/Resource/Neighborhood/Little_Neck"
"Jackson Heights","Queens","11369,11372,11377","35,34,39","404,403,402,401","14","21,25,26","108,110,114,115","13,16","-73.884151535799589","40.751654796755417","[ -73.88415153579959, 40.75165479675542 ]","Jackson_Heights","http://schema.org","Neighborhood","http://nyc.pediacities.com/Resource/Neighborhood/Jackson_Heights"
"Far Rockaway","Queens","11096,11691","31,23","414","5","31","101","10,15","-73.750880338297634","40.600107203331227","[ -73.75088033829763, 40.60010720333123 ]","Far_Rockaway","http://schema.org","Neighborhood","http://nyc.pediacities.com/Resource/Neighborhood/Far_Rockaway"
"Maspeth","Queens","11211,11373,11377,11378,11379,11385","37,53,30,34,39","404,405,402,301","12,7,6,14","29,30,34,26","90,104,108,110","12,16,15,18","-73.905903343391671","40.726145227055028","[ -73.90590334339167, 40.72614522705503 ]","Maspeth","http://schema.org","Neighborhood","http://nyc.pediacities.com/Resource/Neighborhood/Maspeth"
"Douglaston","Queens","11361,11362,11363,11364,11426","24,25,26","411,413","3,6","23,19","105,111","11,14","-73.742900767023144","40.762379866160735","[ -73.74290076702314, 40.76237986616074 ]","Douglaston","http://schema.org","Neighborhood","http://nyc.pediacities.com/Resource/Neighborhood/Douglaston"
"John F. Kennedy International Airport","Queens","11413,11414,11420,11422,11430","31,23","484,413,483,410","5,8","31,28,32","105,106,113","10,15","-73.78793910466031","40.647442889922075","[ -73.78793910466031, 40.64744288992208 ]","John_F_Kennedy_International_Airport","http://schema.org","Neighborhood","http://nyc.pediacities.com/Resource/Neighborhood/John_F_Kennedy_International_Airport"
"Springfield Gardens","Queens","11411,11412,11413,11430,11434","33,31,29,32","412,413,483","5","27,31,28","105,113","10,14","-73.761400519435327","40.667620023920826","[ -73.76140051943533, 40.66762002392083 ]","Springfield_Gardens","http://schema.org","Neighborhood","http://nyc.pediacities.com/Resource/Neighborhood/Springfield_Gardens"
"Bellerose","Queens","11001,11004,11005,11364,11426,11427,11428","33,24,26","411,413","3,5,6","23","105,111","11,14","-73.726563160418124","40.736059181342519","[ -73.72656316041812, 40.73605918134252 ]","Bellerose","http://schema.org","Neighborhood","http://nyc.pediacities.com/Resource/Neighborhood/Bellerose"
"Kew Gardens Hills","Queens","11366,11367,11375,11432,11435","24,35,25,27","406,408,481","6","24,29","102,107,110,112","16,15,11,14","-73.826556751125381","40.726579853674963","[ -73.82655675112538, 40.72657985367496 ]","Kew_Gardens_Hills","http://schema.org","Neighborhood","http://nyc.pediacities.com/Resource/Neighborhood/Kew_Gardens_Hills"
"Woodhaven","Queens","11208,11385,11416,11421","38,28,54","405,305,406,482,409","7,6","37,30,32","75,102,104","12,10,15,18","-73.858352103159433","40.694073613721592","[ -73.85835210315943, 40.69407361372159 ]","Woodhaven","http://schema.org","Neighborhood","http://nyc.pediacities.com/Resource/Neighborhood/Woodhaven"
"LaGuardia Airport","Queens","11368,11370,11371","36,35","403,401,480","14","21,22","114,115","13","-73.873614326831998","40.774159941182319","[ -73.873614326832, 40.77415994118232 ]","LaGuardia_Airport","http://schema.org","Neighborhood","http://nyc.pediacities.com/Resource/Neighborhood/LaGuardia_Airport"
"Corona","Queens","11367,11368,11369,11372,11373,11374,11375","28,35,34,39,27","404,403,406,481","6,14","21,24,25","110,112,115","13,16","-73.859393224348068","40.746775372361","[ -73.85939322434807, 40.746775372361 ]","Corona","http://schema.org","Neighborhood","http://nyc.pediacities.com/Resource/Neighborhood/Corona"
"Belle Harbor","Queens","11694","23","414","5","32","100","15","-73.852001937132101","40.576246679515179","[ -73.8520019371321, 40.57624667951518 ]","Belle_Harbor","http://schema.org","Neighborhood","http://nyc.pediacities.com/Resource/Neighborhood/Belle_Harbor"
"Bayside","Queens","11357,11358,11360,11361,11362,11364,11365,11426","24,25,26","411,407,408,413","3,6","23,19,20","105,107,109,111","16,11,14","-73.765181920230745","40.756309882356007","[ -73.76518192023075, 40.75630988235601 ]","Bayside","http://schema.org","Neighborhood","http://nyc.pediacities.com/Resource/Neighborhood/Bayside"
"Sunnyside","Queens","11101,11104,11377,11378","37,30","402","12,14","26","108","12,15","-73.920132371260365","40.740194316410268","[ -73.92013237126037, 40.74019431641027 ]","Sunnyside","http://schema.org","Neighborhood","http://nyc.pediacities.com/Resource/Neighborhood/Sunnyside"
"Rockaway Park","Queens","11693,11694","23","414","5","32","100","10,15","-73.831685368290863","40.581378730655651","[ -73.83168536829086, 40.58137873065565 ]","Rockaway_Park","http://schema.org","Neighborhood","http://nyc.pediacities.com/Resource/Neighborhood/Rockaway_Park"
"Hollis","Queens","11412,11423,11427,11428,11429,11432,11433","33,24,29","412,408,413","5","24,23,27","103,105,107","11,14","-73.766983209301983","40.712214021478459","[ -73.76698320930198, 40.71221402147846 ]","Hollis","http://schema.org","Neighborhood","http://nyc.pediacities.com/Resource/Neighborhood/Hollis"
"College Point","Queens","11354,11356,11357","26,27,40","407","6,14","19,20","109,110","11","-73.840898383745866","40.781808886954899","[ -73.84089838374587, 40.7818088869549 ]","College_Point","http://schema.org","Neighborhood","http://nyc.pediacities.com/Resource/Neighborhood/College_Point"
"South Ozone Park","Queens","11414,11417,11420,11430,11434,11436","31,23,32","412,413,483,410","5,8","31,28,32","105,106,113","10,15","-73.813213198693617","40.671317169980988","[ -73.81321319869362, 40.67131716998099 ]","South_Ozone_Park","http://schema.org","Neighborhood","http://nyc.pediacities.com/Resource/Neighborhood/South_Ozone_Park"
"Jamaica","Queens","11412,11413,11423,11432,11433,11434,11435,11436,11451","31,24,29,32,27","412,408,413,409,410","5,6","24,29,27,31,28","102,103,105,106,107,113","10,11,14","-73.788724391905248","40.688874526743561","[ -73.78872439190525, 40.68887452674356 ]","Jamaica","http://schema.org","Neighborhood","http://nyc.pediacities.com/Resource/Neighborhood/Jamaica"
"Floral Park","Queens","11001,11004,11005,11040,11426","33,24,26","413","3","23","105","11","-73.707806430567061","40.74235411541801","[ -73.70780643056706, 40.74235411541801 ]","Floral_Park","http://schema.org","Neighborhood","http://nyc.pediacities.com/Resource/Neighborhood/Floral_Park"
"Laurelton","Queens","11411,11413,11422","33,31,29","412,413","5","27,31","105,113","14","-73.742936002105154","40.676651861237808","[ -73.74293600210515, 40.67665186123781 ]","Laurelton","http://schema.org","Neighborhood","http://nyc.pediacities.com/Resource/Neighborhood/Laurelton"
"Briarwood","Queens","11367,11375,11415,11432,11435","24,32,27","412,406,408,481,409","5,6","24,29","102,103,107","11,14","-73.814142179611167","40.710795276195519","[ -73.81414217961117, 40.71079527619552 ]","Briarwood","http://schema.org","Neighborhood","http://nyc.pediacities.com/Resource/Neighborhood/Briarwood"
"Howard Beach","Queens","11208,11239,11414,11430","31,23,60","305,356,484,483,410","5,8","42,32","75,106,113","10,15,19","-73.844154085428713","40.656180348033878","[ -73.84415408542871, 40.65618034803388 ]","Howard_Beach","http://schema.org","Neighborhood","http://nyc.pediacities.com/Resource/Neighborhood/Howard_Beach"
"Broad Channel","Queens","11693","59,31,23","356,414,484","5,8","31,32","100,113","10,15,19","-73.81361863806265","40.61630823899614","[ -73.81361863806265, 40.61630823899614 ]","Broad_Channel","http://schema.org","Neighborhood","http://nyc.pediacities.com/Resource/Neighborhood/Broad_Channel"
"Latourette Park","Staten Island","10304,10306,10314","62,63","502,503","11","50,51","122","24","-74.137514187151723","40.584483996571151","[ -74.13751418715172, 40.58448399657115 ]","Latourette_Park","http://schema.org","Neighborhood","http://nyc.pediacities.com/Resource/Neighborhood/Latourette_Park"
"Grant City","Staten Island","10304,10306","64,62","502","11","50","122","24","-74.107452606732565","40.57918602134751","[ -74.10745260673256, 40.57918602134751 ]","Grant_City","http://schema.org","Neighborhood","http://nyc.pediacities.com/Resource/Neighborhood/Grant_City"
"St. George","Staten Island","10301,10310","61","501","11","49","120","23","-74.079437446076568","40.64283362014983","[ -74.07943744607657, 40.64283362014983 ]","St_George","http://schema.org","Neighborhood","http://nyc.pediacities.com/Resource/Neighborhood/St_George"
"Oakwood","Staten Island","10306","64,62","595,502,503","11","50,51","122","24","-74.117435747460874","40.558660801564955","[ -74.11743574746087, 40.55866080156495 ]","Oakwood","http://schema.org","Neighborhood","http://nyc.pediacities.com/Resource/Neighborhood/Oakwood"
"Lighthouse Hill","Staten Island","10306,10308,10314","62,63","502,503","11","50,51","122","24","-74.138937319187136","40.573599262279444","[ -74.13893731918714, 40.57359926227944 ]","Lighthouse_Hill","http://schema.org","Neighborhood","http://nyc.pediacities.com/Resource/Neighborhood/Lighthouse_Hill"
"West Brighton","Staten Island","10301,10310","61,63","501","11","49","120","24,23","-74.110609093246794","40.629164165836478","[ -74.11060909324679, 40.62916416583648 ]","West_Brighton","http://schema.org","Neighborhood","http://nyc.pediacities.com/Resource/Neighborhood/West_Brighton"
"Chrome","Staten Island","10309,10314","63","502,503","11","50,51","122,123","24","-74.201617166653307","40.569192752437168","[ -74.20161716665331, 40.56919275243717 ]","Chrome","http://schema.org","Neighborhood","http://nyc.pediacities.com/Resource/Neighborhood/Chrome"
"Port Ivory","Staten Island","10303","63","501","11","49","120","23","-74.177912924191546","40.642796712230826","[ -74.17791292419155, 40.64279671223083 ]","Port_Ivory","http://schema.org","Neighborhood","http://nyc.pediacities.com/Resource/Neighborhood/Port_Ivory"
"Emerson Hill","Staten Island","10314","62,63","501,502","11","50,49","120,122","24","-74.128308993702078","40.604545116260937","[ -74.12830899370208, 40.60454511626094 ]","Emerson_Hill","http://schema.org","Neighborhood","http://nyc.pediacities.com/Resource/Neighborhood/Emerson_Hill"
"Dongan Hills","Staten Island","10304,10305,10306","64,62,63","595,502","11","50","122","24","-74.093395907230502","40.582456889524501","[ -74.0933959072305, 40.5824568895245 ]","Dongan_Hills","http://schema.org","Neighborhood","http://nyc.pediacities.com/Resource/Neighborhood/Dongan_Hills"
"Great Kills","Staten Island","10306,10308,10312,10314","64,62","595,503","11","51","122,123","24","-74.153266305918919","40.554241533605051","[ -74.15326630591892, 40.55424153360505 ]","Great_Kills","http://schema.org","Neighborhood","http://nyc.pediacities.com/Resource/Neighborhood/Great_Kills"
"Willowbrook","Staten Island","10314","63","502","11","50","122","24","-74.140415884277814","40.600090786684959","[ -74.14041588427781, 40.60009078668496 ]","Willowbrook","http://schema.org","Neighborhood","http://nyc.pediacities.com/Resource/Neighborhood/Willowbrook"
"Mariners Harbor","Staten Island","10302,10303,10314","61,63","501","11","49","120","24,23","-74.157458358643495","40.633544655739762","[ -74.1574583586435, 40.63354465573976 ]","Mariners_Harbor","http://schema.org","Neighborhood","http://nyc.pediacities.com/Resource/Neighborhood/Mariners_Harbor"
"Graniteville","Staten Island","10302,10303,10314","61,63","501","11","50,49","120","24,23","-74.154406168795006","40.619661930183675","[ -74.15440616879501, 40.61966193018367 ]","Graniteville","http://schema.org","Neighborhood","http://nyc.pediacities.com/Resource/Neighborhood/Graniteville"
"Woodrow","Staten Island","10309,10312","62,63","503","11","51","123","24","-74.199692083341432","40.538890453595656","[ -74.19969208334143, 40.53889045359566 ]","Woodrow","http://schema.org","Neighborhood","http://nyc.pediacities.com/Resource/Neighborhood/Woodrow"
"Tompkinsville","Staten Island","10301,10304","61,63","501","11","49","120","24,23","-74.086766812585381","40.631366930581798","[ -74.08676681258538, 40.6313669305818 ]","Tompkinsville","http://schema.org","Neighborhood","http://nyc.pediacities.com/Resource/Neighborhood/Tompkinsville"
"Arrochar","Staten Island","10305","64","595,502","11","50","122","24,23","-74.071699475103244","40.592957441316905","[ -74.07169947510324, 40.5929574413169 ]","Arrochar","http://schema.org","Neighborhood","http://nyc.pediacities.com/Resource/Neighborhood/Arrochar"
"Arden Heights","Staten Island","10309,10312,10314","64,62,63","502,503","11","51","122,123","24","-74.179352851000345","40.55466744554662","[ -74.17935285100035, 40.55466744554662 ]","Arden_Heights","http://schema.org","Neighborhood","http://nyc.pediacities.com/Resource/Neighborhood/Arden_Heights"
"Tottenville","Staten Island","10307,10309","62","503","11","51","123","24","-74.236417607738161","40.508280552426349","[ -74.23641760773816, 40.50828055242635 ]","Tottenville","http://schema.org","Neighborhood","http://nyc.pediacities.com/Resource/Neighborhood/Tottenville"
"Grymes Hill","Staten Island","10301,10304","61,63","501","11","49","120","24,23","-74.093939060998707","40.615382951939438","[ -74.09393906099871, 40.61538295193944 ]","Grymes_Hill","http://schema.org","Neighborhood","http://nyc.pediacities.com/Resource/Neighborhood/Grymes_Hill"
"Clifton","Staten Island","10301,10304,10305","64,61","501","11","49","120","23","-74.076534091405989","40.621153712908509","[ -74.07653409140599, 40.62115371290851 ]","Clifton","http://schema.org","Neighborhood","http://nyc.pediacities.com/Resource/Neighborhood/Clifton"
"Rossville","Staten Island","10309,10312,10314","62,63","503","11","51","123","24","-74.206458683975768","40.549690292003255","[ -74.20645868397577, 40.54969029200326 ]","Rossville","http://schema.org","Neighborhood","http://nyc.pediacities.com/Resource/Neighborhood/Rossville"
"Midland Beach","Staten Island","10305,10306","64","595,502","11","50","122","24","-74.093044380662391","40.574002208193043","[ -74.09304438066239, 40.57400220819304 ]","Midland_Beach","http://schema.org","Neighborhood","http://nyc.pediacities.com/Resource/Neighborhood/Midland_Beach"
"Bay Terrace, Staten Island","Staten Island","10306,10308","64,62","503","11",,"122","24","-74.138801093455697","40.558070766804654","[ -74.1388010934557, 40.55807076680465 ]","Bay_Terrace_Staten_Island","http://schema.org","Neighborhood","http://nyc.pediacities.com/Resource/Neighborhood/Bay_Terrace_Staten_Island"
"Chelsea, Staten Island","Staten Island","10314","63","502,503","11",,"122,123","24","-74.188359973624443","40.589721876295094","[ -74.18835997362444, 40.58972187629509 ]","Chelsea_Staten_Island","http://schema.org","Neighborhood","http://nyc.pediacities.com/Resource/Neighborhood/Chelsea_Staten_Island"
"Park Hill","Staten Island","10304,10305","64,61,63","501","11","49","120","23","-74.080135771408038","40.613190194908931","[ -74.08013577140804, 40.61319019490893 ]","Park_Hill","http://schema.org","Neighborhood","http://nyc.pediacities.com/Resource/Neighborhood/Park_Hill"
"Bloomfield","Staten Island","10303,10314","63","501,502","11","50,49","120,122","24,23","-74.190331299598839","40.617590597141763","[ -74.19033129959884, 40.61759059714176 ]","Bloomfield","http://schema.org","Neighborhood","http://nyc.pediacities.com/Resource/Neighborhood/Bloomfield"
"Westerleigh","Staten Island","10302,10310,10314","61,63","501","11","50,49","120","24,23","-74.138256692846198","40.618106416407038","[ -74.1382566928462, 40.61810641640704 ]","Westerleigh","http://schema.org","Neighborhood","http://nyc.pediacities.com/Resource/Neighborhood/Westerleigh"
"Silver Lake","Staten Island","10301,10304,10310","61,63","501","11","49","120","24,23","-74.096476234341637","40.624280765199302","[ -74.09647623434164, 40.6242807651993 ]","Silver_Lake","http://schema.org","Neighborhood","http://nyc.pediacities.com/Resource/Neighborhood/Silver_Lake"
"Randall Manor","Staten Island","10301,10302,10310","61","501","11","49","120","24,23","-74.112169937068572","40.638206584097219","[ -74.11216993706857, 40.63820658409722 ]","Randall_Manor","http://schema.org","Neighborhood","http://nyc.pediacities.com/Resource/Neighborhood/Randall_Manor"
"Shore Acres","Staten Island","10305","64","501,595,502","11","50,49","120,122","23","-74.065487509280814","40.607997650723561","[ -74.06548750928081, 40.60799765072356 ]","Shore_Acres","http://schema.org","Neighborhood","http://nyc.pediacities.com/Resource/Neighborhood/Shore_Acres"
"Eltingville","Staten Island","10308,10312","64,62","503","11","51","122,123","24","-74.154234715497935","40.542166780101489","[ -74.15423471549794, 40.54216678010149 ]","Eltingville","http://schema.org","Neighborhood","http://nyc.pediacities.com/Resource/Neighborhood/Eltingville"
"South Beach","Staten Island","10304,10305","64,63","595,502","11","50","122","24,23","-74.085363422982468","40.588406438196088","[ -74.08536342298247, 40.58840643819609 ]","South_Beach","http://schema.org","Neighborhood","http://nyc.pediacities.com/Resource/Neighborhood/South_Beach"
"Huguenot","Staten Island","10312","64,62","503","11","51","122,123","24","-74.169539284261575","40.532269122882042","[ -74.16953928426157, 40.53226912288204 ]","Huguenot","http://schema.org","Neighborhood","http://nyc.pediacities.com/Resource/Neighborhood/Huguenot"
"Prince's Bay","Staten Island","10309,10312","62","503","11","51","123","24","-74.199238842039478","40.522821412579844","[ -74.19923884203948, 40.52282141257984 ]","Prince_s_Bay","http://schema.org","Neighborhood","http://nyc.pediacities.com/Resource/Neighborhood/Prince_s_Bay"
"Greenridge","Staten Island","10306,10308,10309,10312,10314","62,63","502,503","11","50,51","122,123","24","-74.175147168848483","40.567033093490082","[ -74.17514716884848, 40.56703309349008 ]","Greenridge","http://schema.org","Neighborhood","http://nyc.pediacities.com/Resource/Neighborhood/Greenridge"
"Bull's Head","Staten Island","10303,10314","61,63","501,502","11","50,49,51","120,122","24,23","-74.162340087266301","40.604811511619033","[ -74.1623400872663, 40.60481151161903 ]","Bull_s_Head","http://schema.org","Neighborhood","http://nyc.pediacities.com/Resource/Neighborhood/Bull_s_Head"
"Port Richmond","Staten Island","10302,10303,10310,10314","61","501","11","49","120","24,23","-74.137512883376374","40.632979798033929","[ -74.13751288337637, 40.63297979803393 ]","Port_Richmond","http://schema.org","Neighborhood","http://nyc.pediacities.com/Resource/Neighborhood/Port_Richmond"
"New Brighton","Staten Island","10301,10310","61","501","11","49","120","24,23","-74.09107394009726","40.641845186073276","[ -74.09107394009726, 40.64184518607328 ]","New_Brighton","http://schema.org","Neighborhood","http://nyc.pediacities.com/Resource/Neighborhood/New_Brighton"
"Castleton Corners","Staten Island","10301,10302,10310,10314","61,63","501,502","11","50,49","120,122","24,23","-74.121263255447403","40.616238316586696","[ -74.1212632554474, 40.6162383165867 ]","Castleton_Corners","http://schema.org","Neighborhood","http://nyc.pediacities.com/Resource/Neighborhood/Castleton_Corners"
"Richmondtown","Staten Island","10306","62","502,503","11","50,51","122","24","-74.131303122665187","40.570336467252766","[ -74.13130312266519, 40.57033646725277 ]","Richmondtown","http://schema.org","Neighborhood","http://nyc.pediacities.com/Resource/Neighborhood/Richmondtown"
"Pleasant Plains","Staten Island","10307,10309","62","503","11","51","123","24","-74.225454022087646","40.520323865834349","[ -74.22545402208765, 40.52032386583435 ]","Pleasant_Plains","http://schema.org","Neighborhood","http://nyc.pediacities.com/Resource/Neighborhood/Pleasant_Plains"
"Concord","Staten Island","10304,10305","64,61,63","501,502","11","50,49","120,122","24,23","-74.081057114175607","40.602215338862102","[ -74.08105711417561, 40.6022153388621 ]","Concord","http://schema.org","Neighborhood","http://nyc.pediacities.com/Resource/Neighborhood/Concord"
"Todt Hill","Staten Island","10301,10304,10306,10314","64,62,63","501,502","11","50,49","120,122","24,23","-74.107025474975813","40.59708491694569","[ -74.10702547497581, 40.59708491694569 ]","Todt_Hill","http://schema.org","Neighborhood","http://nyc.pediacities.com/Resource/Neighborhood/Todt_Hill"
"Fort Wadsworth","Staten Island","10305","64","595,502","11","50","120,122","24,23","-74.057841490752253","40.600040004127948","[ -74.05784149075225, 40.60004000412795 ]","Fort_Wadsworth","http://schema.org","Neighborhood","http://nyc.pediacities.com/Resource/Neighborhood/Fort_Wadsworth"
"Rosebank","Staten Island","10304,10305","64,61","501","11","49","120","23","-74.071533244979946","40.613437590856911","[ -74.07153324497995, 40.61343759085691 ]","Rosebank","http://schema.org","Neighborhood","http://nyc.pediacities.com/Resource/Neighborhood/Rosebank"
"Howland Hook","Staten Island","10303,10314","63","501,502","11","50,49","120,122","24,23","-74.1792535864775","40.633438297956431","[ -74.1792535864775, 40.63343829795643 ]","Howland_Hook","http://schema.org","Neighborhood","http://nyc.pediacities.com/Resource/Neighborhood/Howland_Hook"
"New Dorp","Staten Island","10304,10306","64,62","502,503","11","50","122","24","-74.115929256019868","40.572590585754156","[ -74.11592925601987, 40.57259058575416 ]","New_Dorp","http://schema.org","Neighborhood","http://nyc.pediacities.com/Resource/Neighborhood/New_Dorp"
"New Dorp Beach","Staten Island","10306","64","595,502,503","11","50,51","122","24","-74.103050316338198","40.566182659080624","[ -74.1030503163382, 40.56618265908062 ]","New_Dorp_Beach","http://schema.org","Neighborhood","http://nyc.pediacities.com/Resource/Neighborhood/New_Dorp_Beach"
"New Springville","Staten Island","10314","63","502","11","50,51","122","24","-74.165672119692871","40.582840674473942","[ -74.16567211969287, 40.58284067447394 ]","New_Springville","http://schema.org","Neighborhood","http://nyc.pediacities.com/Resource/Neighborhood/New_Springville"
"Stapleton","Staten Island","10301,10304","61","501","11","49","120","23","-74.075843150734755","40.630778335769598","[ -74.07584315073476, 40.6307783357696 ]","Stapleton","http://schema.org","Neighborhood","http://nyc.pediacities.com/Resource/Neighborhood/Stapleton"
"Charleston","Staten Island","10309","62,63","503","11","51","123","24","-74.232651822148028","40.541673267956099","[ -74.23265182214803, 40.5416732679561 ]","Charleston","http://schema.org","Neighborhood","http://nyc.pediacities.com/Resource/Neighborhood/Charleston"
"Great Kills Park","Staten Island","10306,10308","64","595,503","11","51","122","24","-74.127934616925245","40.546105071974459","[ -74.12793461692524, 40.54610507197446 ]","Great_Kills_Park","http://schema.org","Neighborhood","http://nyc.pediacities.com/Resource/Neighborhood/Great_Kills_Park"
